"게임명","구분","원문","파서 결과","AI 결과","차이 항목"
"ADOM (Ancient Domains Of Mystery)","최소","CPU: 1 GHz | GPU: 800x600 minimum resolution | RAM: 512 MB RAM | 저장: 1 GB 사용 가능 공간","CPU 1 · GPU - · RAM 0.5 · 저장 1 · low_spec true","CPU 1 · GPU 1 · RAM 0.5 · 저장 1 · low_spec true","gpu_tier(한쪽 null)"
"Hamster Hunter","최소","CPU: Toaster | GPU: Integrated | RAM: 1500 MB RAM | 저장: 1 GB 사용 가능 공간","CPU - · GPU 1 · RAM 1.5 · 저장 1 · low_spec true","CPU 1 · GPU 1 · RAM 1.5 · 저장 1 · low_spec true","cpu_tier(한쪽 null)"
"Whiskerwood 휘스커우드","권장","CPU: Intel Core i5-7600 (quad-core) / AMD Ryzen 3 2200G (quad-core) | GPU: NVIDIA GeForce GTX 1070 (8 GB) / AMD Radeon RX 5700 (8 GB) / Intel Arc A380 (6 GB) | RAM: 16 GB RAM | 저장: 10 GB 사용 가능 공간","CPU 4 · GPU 6 · RAM 16 · 저장 10 · low_spec false","CPU 5 · GPU 10 · RAM 16 · 저장 10 · low_spec false","cpu_tier(±1), gpu_tier(±4)"
"Medieval Dynasty","권장","CPU: Intel Core i5/i7 @ 4GHz or Ryzen 5 @ 4GHz | GPU: DirectX 12 compatible GPU, 8GB dedicated VRAM (Intel Arc A750 / GeForce GTX 1660 / Radeon RX 590) | RAM: 16 GB RAM | 저장: 20 GB 사용 가능 공간","CPU 4 · GPU 9 · RAM 16 · 저장 20 · low_spec false","CPU 7 · GPU 11 · RAM 16 · 저장 20 · low_spec true","cpu_tier(±3), gpu_tier(±2), low_spec"
"Hacker Simulator","최소","CPU: i5-2500 3.30 GHz | GPU: NVIDIA GeForce 780 GTX or AMD Radeon Radeon R7 260X series card or higher | RAM: 8 GB RAM | 저장: 10 GB 사용 가능 공간","CPU 4 · GPU 5 · RAM 8 · 저장 10 · low_spec false","CPU 4 · GPU 8 · RAM 8 · 저장 10 · low_spec false","gpu_tier(±3)"
"Age of Wonders 4","최소","CPU: Intel Core i5-2500K or AMD Ryzen 5 1600X | GPU: Nvidia GeForce GTX 670 (2GB) or AMD Radeon HD 7870 (2GB) or Intel Arc A380 (6GB) or Intel Iris Xe G7 (Tiger Lake) or AMD Radeon Vega 8 | RAM: 8 GB RAM | 저장: 35 GB 사용 가능 공간","CPU 4 · GPU 3 · RAM 8 · 저장 35 · low_spec false","CPU 4 · GPU 6 · RAM 8 · 저장 35 · low_spec false","gpu_tier(±3)"
"STAR OCEAN THE SECOND STORY R","최소","CPU: AMD A8-7600 / Intel Core i3-3210 | GPU: AMD Radeon RX 460 / Intel Arc A380 / NVIDIA GeForce GTX 750 Ti | RAM: 8 GB RAM | 저장: 20 GB 사용 가능 공간","CPU 2 · GPU 5 · RAM 8 · 저장 20 · low_spec false","CPU 5 · GPU 6 · RAM 8 · 저장 20 · low_spec false","cpu_tier(±3), gpu_tier(±1)"
"The Last of Us™ Part I","최소","CPU: AMD Ryzen 5 1500X, Intel Core i7-4770K | GPU: AMD Radeon RX 470 (4 GB), AMD Radeon RX 6500 XT (4 GB), NVIDIA GeForce GTX 970 (4 GB), NVIDIA GeForce GTX 1050 Ti (4 GB) | RAM: 16 GB RAM | 저장: 100 GB 사용 가능 공간","CPU 5 · GPU 6 · RAM 16 · 저장 100 · low_spec false","CPU 5 · GPU 8 · RAM 16 · 저장 100 · low_spec false","gpu_tier(±2)"
"Hi-Fi RUSH","최소","CPU: Intel Core i5-6500, Ryzen 3 1200 | GPU: GTX 1050, RX 560 | RAM: 8 GB RAM | 저장: 20 GB 사용 가능 공간","CPU 4 · GPU 6 · RAM 8 · 저장 20 · low_spec false","CPU 6 · GPU 6 · RAM 8 · 저장 20 · low_spec false","cpu_tier(±2)"
"하츠네 미쿠 Project DIVA MEGA39’s+","최소","CPU: Intel Core i3-2100、3.1 GHz or AMD Phenom II X4 965, 3.6 GHz | GPU: Nvidia GeForce GTX 550 Ti, 1 GB or AMD Radeon HD 5850, 1 GB | RAM: 4 GB RAM | 저장: 20 GB 사용 가능 공간","CPU 2 · GPU 3 · RAM 4 · 저장 20 · low_spec false","CPU 3 · GPU 5 · RAM 4 · 저장 20 · low_spec false","cpu_tier(±1), gpu_tier(±2)"
"메타포: 리판타지오","권장","CPU: Intel Core i5-7600 or Ryzen 5 2600 | GPU: NVIDIA GeForce GTX 970, 4GB or AMD Radeon RX 480, 4GB or Intel Arc A380, 6GB | RAM: 8 GB RAM | 저장: 93 GB 사용 가능 공간","CPU 5 · GPU 6 · RAM 8 · 저장 93 · low_spec false","CPU 6 · GPU 8 · RAM 8 · 저장 93 · low_spec false","cpu_tier(±1), gpu_tier(±2)"
"BOMBANANA!","권장","CPU: Intel Core i5-8400 / AMD Ryzen 5 2600 | GPU: Intel Iris Xe / NVIDIA GTX 1050 / AMD RX 560 | RAM: 16 GB RAM | 저장: 300 MB 사용 가능 공간","CPU 6 · GPU 4 · RAM 16 · 저장 0.3 · low_spec false","CPU 6 · GPU 6 · RAM 16 · 저장 0.3 · low_spec false","gpu_tier(±2)"
"드래곤 퀘스트 XI S 지나간 시간을 찾아서 - Definitive Edition","권장","CPU: AMD Ryzen 3 1200 / Intel Core i5-6500 | GPU: AMD Radeon R7 370 / NVIDIA GeForce GTX 960 / 2 GB VRAM | RAM: 8 GB RAM | 저장: 40 GB 사용 가능 공간","CPU 4 · GPU 6 · RAM 8 · 저장 40 · low_spec false","CPU 6 · GPU 6 · RAM 8 · 저장 40 · low_spec false","cpu_tier(±2)"
"PICO PARK 2","최소","CPU: Intel Core i3 | GPU: - | RAM: 4 GB RAM | 저장: 1 GB 사용 가능 공간","CPU 3 · GPU - · RAM 4 · 저장 1 · low_spec false","CPU 5 · GPU - · RAM 4 · 저장 1 · low_spec false","cpu_tier(±2)"
"PICO PARK 2","권장","CPU: Intel Core i5 | GPU: - | RAM: 8 GB RAM | 저장: 1 GB 사용 가능 공간","CPU 4 · GPU - · RAM 8 · 저장 1 · low_spec false","CPU 6 · GPU - · RAM 8 · 저장 1 · low_spec false","cpu_tier(±2)"
"The Legend of Khiimori","최소","CPU: Intel Core i7-8700K / AMD Ryzen 7 2700X | GPU: NVIDIA GeForce GTX 1660 (6GB) / AMD Radeon RX 5600 XT (6GB) | RAM: 16 GB RAM | 저장: 60 GB 사용 가능 공간","CPU 7 · GPU 9 · RAM 16 · 저장 60 · low_spec false","CPU 7 · GPU 11 · RAM 16 · 저장 60 · low_spec false","gpu_tier(±2)"
"Machine Party","최소","CPU: Dual Core 2.4 GHz | GPU: Radeon RX 6500 XT / Nvidia 1660 | RAM: 8 GB RAM | 저장: 1 GB 사용 가능 공간","CPU 1 · GPU 8 · RAM 8 · 저장 1 · low_spec false","CPU 1 · GPU 6 · RAM 8 · 저장 1 · low_spec true","gpu_tier(±2), low_spec"
"Diablo II: Resurrected","최소","CPU: Intel Core i3-3250 또는 AMD FX-4350 | GPU: Nvidia GeForce GTX 660 또는 AMD Radeon HD 7850 | RAM: 8 GB | 저장: 30 GB","CPU 3 · GPU 5 · RAM 8 · 저장 30 · low_spec false","CPU 5 · GPU 6 · RAM 8 · 저장 30 · low_spec false","cpu_tier(±2), gpu_tier(±1)"
"Jagged Alliance 3","권장","CPU: Intel Quad Core or AMD Ryzen with 4 GHz | GPU: NVIDIA RTX 2070 or AMD Radeon 6700 XT with 8GB of VRAM | RAM: 16 GB RAM | 저장: 20 GB 사용 가능 공간","CPU 1 · GPU 11 · RAM 16 · 저장 20 · low_spec true","CPU 2 · GPU 13 · RAM 16 · 저장 20 · low_spec true","cpu_tier(±1), gpu_tier(±2)"
"Demonologist","최소","CPU: Intel i5 or new-gen i3 / AMD equivalent | GPU: NVIDIA GeForce GTX 1060 6GB | RAM: 16 GB RAM | 저장: 20 GB 사용 가능 공간","CPU 3 · GPU 9 · RAM 16 · 저장 20 · low_spec false","CPU 5 · GPU 9 · RAM 16 · 저장 20 · low_spec false","cpu_tier(±2)"
"TRIANGLE STRATEGY","최소","CPU: AMD A8-7600 / Intel Core i3-3210 | GPU: AMD Radeon RX 460 / NVIDIA GeForce GTX 950 / Intel Iris Xe Graphics G7 | RAM: 4 GB RAM | 저장: 10 GB 사용 가능 공간","CPU 2 · GPU 4 · RAM 4 · 저장 10 · low_spec false","CPU 3 · GPU 6 · RAM 4 · 저장 10 · low_spec false","cpu_tier(±1), gpu_tier(±2)"
"TRIANGLE STRATEGY","권장","CPU: AMD Ryzen 3 1200 / Intel Core i5-6400 | GPU: AMD Radeon RX 470 / NVIDIA GeForce GTX 1060 (3GB) | RAM: 8 GB RAM | 저장: 10 GB 사용 가능 공간","CPU 4 · GPU 8 · RAM 8 · 저장 10 · low_spec false","CPU 4 · GPU 6 · RAM 8 · 저장 10 · low_spec false","gpu_tier(±2)"
"Used Cars Simulator","권장","CPU: i7-9700 @ 3.6 GHz or Ryzen 5 3600 @ 3.6 GHz | GPU: Nvidia RTX 3060 or AMD Radeon RX 5700 | RAM: 16 GB RAM | 저장: 24 GB 사용 가능 공간","CPU 6 · GPU 11 · RAM 16 · 저장 24 · low_spec false","CPU 8 · GPU 11 · RAM 16 · 저장 24 · low_spec false","cpu_tier(±2)"
"Castlevania Anniversary Collection","권장","CPU: Intel Core i3-6300 | GPU: GeForce GTX 750Ti (VRAM 2GB) | RAM: 4 GB RAM | 저장: 800 MB 사용 가능 공간","CPU 4 · GPU 5 · RAM 4 · 저장 0.8 · low_spec false","CPU 6 · GPU 5 · RAM 4 · 저장 0.8 · low_spec false","cpu_tier(±2)"
"The Artisan of Glimmith","최소","CPU: Intel Core i3-8100 or i5-6600, AMD Ryzen 3 1300X | GPU: NVidia GTX 950, AMD Radeon RX 550, or a recent integrated GPU (e.g. Ryzen with Radeon Graphics) | RAM: 4 GB RAM | 저장: 2 GB 사용 가능 공간","CPU 4 · GPU 3 · RAM 4 · 저장 2 · low_spec false","CPU 5 · GPU 5 · RAM 4 · 저장 2 · low_spec false","cpu_tier(±1), gpu_tier(±2)"
"스테퍼 케이스: 초능력 추리 어드벤처","최소","CPU: Intel I3 2.0Ghz + | GPU: DirectX 11 capable GPU | RAM: 4 GB RAM | 저장: 6 GB 사용 가능 공간","CPU 3 · GPU 1 · RAM 4 · 저장 6 · low_spec true","CPU 1 · GPU 1 · RAM 4 · 저장 6 · low_spec true","cpu_tier(±2)"
"Far Far West","최소","CPU: Intel Core i5-7600K or AMD Ryzen 5 1600 | GPU: Nvidia GeForce GTX 1660 or AMD Radeon RX 590 | RAM: 8 GB RAM | 저장: 10 GB 사용 가능 공간","CPU 5 · GPU 9 · RAM 8 · 저장 10 · low_spec false","CPU 5 · GPU 7 · RAM 8 · 저장 10 · low_spec false","gpu_tier(±2)"
"P의 거짓 (Lies of P)","최소","CPU: AMD Ryzen 3 1200／Intel Core i3-6300 | GPU: AMD Radeon RX 560 4GB / NVIDIA GeForce GTX 960 4GB | RAM: 8 GB RAM | 저장: 50 GB 사용 가능 공간","CPU 4 · GPU 6 · RAM 8 · 저장 50 · low_spec false","CPU 5 · GPU 6 · RAM 8 · 저장 50 · low_spec false","cpu_tier(±1)"
"P의 거짓 (Lies of P)","권장","CPU: AMD Ryzen 3 1200／Intel Core i3-6300 | GPU: AMD Radeon RX 6500 XT 4GB / NVIDIA GeForce GTX 1660 6GB | RAM: 16 GB RAM | 저장: 50 GB 사용 가능 공간","CPU 4 · GPU 8 · RAM 16 · 저장 50 · low_spec false","CPU 5 · GPU 9 · RAM 16 · 저장 50 · low_spec false","cpu_tier(±1), gpu_tier(±1)"
"Devil May Cry 5","최소","CPU: Intel Core i5-4460, AMD FX-6300, or better | GPU: NVIDIA GeForce GTX 760 or AMD Radeon R7 260x with 2GB Video RAM, or better | RAM: 8 GB RAM | 저장: 35 GB 사용 가능 공간","CPU 3 · GPU 5 · RAM 8 · 저장 35 · low_spec false","CPU 4 · GPU 6 · RAM 8 · 저장 35 · low_spec false","cpu_tier(±1), gpu_tier(±1)"
"Devil May Cry 5","권장","CPU: Intel Core i7-3770, AMD FX-9590, or better | GPU: NVIDIA GeForce GTX 1060 with 6GB VRAM, AMD Radeon RX 480 with 8GB VRAM, or better | RAM: 8 GB RAM | 저장: 35 GB 사용 가능 공간","CPU 4 · GPU 9 · RAM 8 · 저장 35 · low_spec false","CPU 5 · GPU 9 · RAM 8 · 저장 35 · low_spec false","cpu_tier(±1)"
"Dying Light: The Beast","최소","CPU: Intel i5-9600K / AMD Ryzen 5 3600 | GPU: NVIDIA GeForce 1060 / AMD Radeon 5500 XT / Intel ARC A750 | RAM: 16 GB RAM | 저장: 70 GB 사용 가능 공간","CPU 6 · GPU 8 · RAM 16 · 저장 70 · low_spec false","CPU 7 · GPU 9 · RAM 16 · 저장 70 · low_spec false","cpu_tier(±1), gpu_tier(±1)"
"Bleak Faith: Forsaken","최소","CPU: Intel Core i3-6100 / AMD FX-6300 or equivalent | GPU: GeForce GTX 750 Ti / AMD R7 265 or equivalent | RAM: 8 GB RAM | 저장: 20 GB 사용 가능 공간","CPU 3 · GPU 4 · RAM 8 · 저장 20 · low_spec false","CPU 3 · GPU 5 · RAM 8 · 저장 20 · low_spec false","gpu_tier(±1)"
"이터널 리턴","최소","CPU: Intel Core i5-6400, AMD Ryzen 5 2600 | GPU: NVIDIA GeForce GTX 650 Ti, AMD Radeon HD 7770 | RAM: 8 GB RAM | 저장: 20 GB 사용 가능 공간","CPU 5 · GPU 4 · RAM 8 · 저장 20 · low_spec false","CPU 4 · GPU 5 · RAM 8 · 저장 20 · low_spec false","cpu_tier(±1), gpu_tier(±1)"
"Blue Prince","권장","CPU: Intel Core i5 4690K / AMD Ryzen 5 1500x | GPU: NVidia GeForce 1080 GTX /AMD RX 5700 | RAM: 16 GB RAM | 저장: 6 GB 사용 가능 공간","CPU 4 · GPU 11 · RAM 16 · 저장 6 · low_spec false","CPU 5 · GPU 11 · RAM 16 · 저장 6 · low_spec false","cpu_tier(±1)"
"BRAVELY DEFAULT II","권장","CPU: AMD Ryzen 3 1200 / Intel Core i5 2.5GHz | GPU: AMD Radeon RX 480 (8 GB) / NVIDIA GeForce GTX 1060 6 GB VRAM | RAM: 8 GB RAM | 저장: 15 GB 사용 가능 공간","CPU 4 · GPU 9 · RAM 8 · 저장 15 · low_spec false","CPU 5 · GPU 9 · RAM 8 · 저장 15 · low_spec false","cpu_tier(±1)"
"Hi-Fi RUSH","권장","CPU: Intel Core i7-6700, Ryzen 5 1500X | GPU: RTX 2070, RX 6600, Arc A750* | RAM: 8 GB RAM | 저장: 20 GB 사용 가능 공간","CPU 5 · GPU 11 · RAM 8 · 저장 20 · low_spec false","CPU 6 · GPU 11 · RAM 8 · 저장 20 · low_spec false","cpu_tier(±1)"
"Sea of Stars: Sunset Edition","최소","CPU: Intel Core 2 Duo E8600 or AMD Phenom II X4 945 | GPU: AMD Radeon R5 230 or Nvidia GeForce GT 520 | RAM: 4 GB RAM | 저장: 5 GB 사용 가능 공간","CPU 1 · GPU 1 · RAM 4 · 저장 5 · low_spec false","CPU 2 · GPU 2 · RAM 4 · 저장 5 · low_spec false","cpu_tier(±1), gpu_tier(±1)"
"Sea of Stars: Sunset Edition","권장","CPU: AMD FX 4300 or Intel Core i3 2120 | GPU: AMD Radeon R5 340X or Nvidia GeForce GTS 450 | RAM: 8 GB RAM | 저장: 5 GB 사용 가능 공간","CPU 3 · GPU 3 · RAM 8 · 저장 5 · low_spec false","CPU 3 · GPU 2 · RAM 8 · 저장 5 · low_spec false","gpu_tier(±1)"
"메타포: 리판타지오","최소","CPU: Intel Core i5-3470 or AMD FX-6300 | GPU: NVIDIA GeForce GTX 750 Ti, 4GB or AMD Radeon R7 360, 4GB or Intel Arc A310, 4GB | RAM: 6 GB RAM | 저장: 93 GB 사용 가능 공간","CPU 3 · GPU 5 · RAM 6 · 저장 93 · low_spec false","CPU 4 · GPU 4 · RAM 6 · 저장 93 · low_spec false","cpu_tier(±1), gpu_tier(±1)"
"Medieval Dynasty","최소","CPU: Intel Core i5 @ 3.3GHz or AMD @ 3.5GHz | GPU: DirectX 11 compatible GPU, 6GB dedicated VRAM (Intel Arc A580 / GeForce GTX 1060 / Radeon RX 580) | RAM: 8 GB RAM | 저장: 20 GB 사용 가능 공간","CPU 4 · GPU 9 · RAM 8 · 저장 20 · low_spec false","CPU 5 · GPU 10 · RAM 8 · 저장 20 · low_spec true","cpu_tier(±1), gpu_tier(±1), low_spec"
"MechWarrior 5: Mercenaries","최소","CPU: Intel Core i3-7100/AMD Ryzen 3 1200 | GPU: NVIDIA GeForce GTX 770/AMD Radeon R9 280X | RAM: 8 GB RAM | 저장: 80 GB 사용 가능 공간","CPU 4 · GPU 7 · RAM 8 · 저장 80 · low_spec false","CPU 5 · GPU 7 · RAM 8 · 저장 80 · low_spec false","cpu_tier(±1)"
"BOMBANANA!","최소","CPU: Intel Core i3-6100 / AMD Ryzen 3 1200 | GPU: Intel HD Graphics 520 / AMD Radeon Vega 3 or equivalent | RAM: 8 GB RAM | 저장: 300 MB 사용 가능 공간","CPU 4 · GPU 2 · RAM 8 · 저장 0.3 · low_spec false","CPU 5 · GPU 3 · RAM 8 · 저장 0.3 · low_spec false","cpu_tier(±1), gpu_tier(±1)"
"Bills Must Be Paid","최소","CPU: Intel Core i3-6100 / AMD FX-6300 | GPU: NVIDIA GeForce GTX 660 / AMD Radeon HD 7870 (2 GB VRAM, DirectX 11) | RAM: 2 GB RAM | 저장: 2 GB 사용 가능 공간","CPU 3 · GPU 6 · RAM 2 · 저장 2 · low_spec false","CPU 4 · GPU 6 · RAM 2 · 저장 2 · low_spec false","cpu_tier(±1)"
"저지 아이즈：사신의 유언 Remastered","최소","CPU: Intel Core i5-3470, 3.2 GHz or AMD Ryzen 3 1200, 3.1 GHz | GPU: NVIDIA GeForce GTX 960, 2 GB or AMD Radeon RX 460, 2 GB | RAM: 8 GB RAM | 저장: 40 GB 사용 가능 공간","CPU 4 · GPU 6 · RAM 8 · 저장 40 · low_spec false","CPU 5 · GPU 6 · RAM 8 · 저장 40 · low_spec false","cpu_tier(±1)"
"Palworld / 팰월드","최소","CPU: Intel Core i5-9400F | GPU: GeForce GTX 1660 | RAM: 16 GB RAM | 저장: 40 GB 사용 가능 공간","CPU 6 · GPU 9 · RAM 16 · 저장 40 · low_spec false","CPU 5 · GPU 9 · RAM 16 · 저장 40 · low_spec false","cpu_tier(±1)"
"Palworld / 팰월드","권장","CPU: Intel Core i5-12400 / AMD Ryzen 5 5600X | GPU: GeForce RTX 3060 Ti / Radeon RX 6700 XT | RAM: 32 GB RAM | 저장: 40 GB 사용 가능 공간","CPU 7 · GPU 12 · RAM 32 · 저장 40 · low_spec false","CPU 8 · GPU 13 · RAM 32 · 저장 40 · low_spec false","cpu_tier(±1), gpu_tier(±1)"
"Pronoun Palace","최소","CPU: Intel i7-7700HQ or equivalent | GPU: GeForce GTX 1050 or equivalent | RAM: 4 GB RAM | 저장: 1 GB 사용 가능 공간","CPU 6 · GPU 6 · RAM 4 · 저장 1 · low_spec false","CPU 7 · GPU 6 · RAM 4 · 저장 1 · low_spec false","cpu_tier(±1)"
"노움 강도단","최소","CPU: Intel Core i5-9400F | GPU: NVIDIA GeForce GTX 1650 | RAM: 4 GB RAM | 저장: 7 GB 사용 가능 공간","CPU 6 · GPU 7 · RAM 4 · 저장 7 · low_spec false","CPU 5 · GPU 7 · RAM 4 · 저장 7 · low_spec false","cpu_tier(±1)"
"PRAGMATA","최소","CPU: Intel Core i5-8500 / AMD Ryzen 5 3500 | GPU: NVIDIA GeForce GTX 1660 6GB / Radeon RX 5500 XT 8GB | RAM: 16 GB RAM | 저장: 40 GB 사용 가능 공간","CPU 6 · GPU 8 · RAM 16 · 저장 40 · low_spec false","CPU 6 · GPU 9 · RAM 16 · 저장 40 · low_spec false","gpu_tier(±1)"
"PRAGMATA","권장","CPU: Intel Core i7-8700 / AMD Ryzen 5 5500 | GPU: NVIDIA GeForce RTX 2060 Super 8GB / Radeon RX 6600 8GB | RAM: 16 GB RAM | 저장: 40 GB 사용 가능 공간","CPU 7 · GPU 11 · RAM 16 · 저장 40 · low_spec false","CPU 6 · GPU 11 · RAM 16 · 저장 40 · low_spec false","cpu_tier(±1)"
"ENDLESS Legend™ 2 엔들리스 레전드 2","권장","CPU: Intel Core i7-6700 (quad-core) / AMD Ryzen 5 1500X (quad-core) | GPU: NVIDIA GeForce GTX 1070 (8 GB) / AMD Radeon RX 5700 XT (8 GB) | RAM: 12 GB RAM | 저장: 20 GB 사용 가능 공간","CPU 5 · GPU 10 · RAM 12 · 저장 20 · low_spec false","CPU 6 · GPU 10 · RAM 12 · 저장 20 · low_spec false","cpu_tier(±1)"
"The Roottrees are Dead","최소","CPU: 2.0Ghz Dual Core | GPU: Intel HD Graphics 510 | RAM: 8 GB RAM | 저장: 1 GB 사용 가능 공간","CPU 1 · GPU 2 · RAM 8 · 저장 1 · low_spec true","CPU 1 · GPU 2 · RAM 8 · 저장 1 · low_spec false","low_spec"
"EZ2ON REBOOT : R","최소","CPU: Intel Core i3-530 or better | GPU: Intel UHD Graphics 620 or better | RAM: 4 GB RAM | 저장: 100 GB 사용 가능 공간","CPU 2 · GPU 2 · RAM 4 · 저장 100 · low_spec false","CPU 3 · GPU 2 · RAM 4 · 저장 100 · low_spec false","cpu_tier(±1)"
"Strinova","최소","CPU: Intel Core i3-4170 | GPU: Nvidia GeForce GT 730, AMD R7 240 | RAM: 4 GB RAM | 저장: 55 GB 사용 가능 공간","CPU 3 · GPU 2 · RAM 4 · 저장 55 · low_spec false","CPU 3 · GPU 3 · RAM 4 · 저장 55 · low_spec false","gpu_tier(±1)"
"Strinova","권장","CPU: Intel Core i5-7400 | GPU: Nvidia GeForce GTX 1050Ti,AMD Radeon R7 370 | RAM: 8 GB RAM | 저장: 55 GB 사용 가능 공간","CPU 5 · GPU 6 · RAM 8 · 저장 55 · low_spec false","CPU 6 · GPU 6 · RAM 8 · 저장 55 · low_spec false","cpu_tier(±1)"
"Cronos: The New Dawn","최소","CPU: Intel Core i5-8400F, Intel Core I5-8600K | Amd Ryzen 5 3600 | GPU: NVIDIA GeForce GTX 1080, or AMD Radeon RX 5700-XT, or Intel Arc A770 | RAM: 16 GB RAM | 저장: 30 GB 사용 가능 공간","CPU 6 · GPU 11 · RAM 16 · 저장 30 · low_spec false","CPU 7 · GPU 11 · RAM 16 · 저장 30 · low_spec false","cpu_tier(±1)"
"Cronos: The New Dawn","권장","CPU: Intel Core i7-10700K | Amd Ryzen 5 3600X | GPU: NVIDIA GeForceRTX 3080, or AMD Radeon RX6800 -XT, or Intel Arc B580 (allows for gameplay in 1080p) | RAM: 16 GB RAM | 저장: 30 GB 사용 가능 공간","CPU 7 · GPU 13 · RAM 16 · 저장 30 · low_spec false","CPU 7 · GPU 14 · RAM 16 · 저장 30 · low_spec false","gpu_tier(±1)"
"Red Matter","권장","CPU: i5-6500 or Greater CPU | GPU: NVIDIA GTX 980 or AMD R9 390 GPU or greater | RAM: 8 GB RAM | 저장: 3 GB 사용 가능 공간","CPU 5 · GPU 8 · RAM 8 · 저장 3 · low_spec false","CPU 6 · GPU 8 · RAM 8 · 저장 3 · low_spec false","cpu_tier(±1)"
"드래곤 퀘스트 XI S 지나간 시간을 찾아서 - Definitive Edition","최소","CPU: AMD Ryzen 3 1200 / Intel Core i3-3330 | GPU: AMD Radeon R7 260X / NVIDIA GeForce GTX 750 / 1 GB VRAM / Shader Model 5.0 이상의 그래픽 카드가 필요합니다 | RAM: 8 GB RAM | 저장: 40 GB 사용 가능 공간","CPU 3 · GPU 4 · RAM 8 · 저장 40 · low_spec false","CPU 3 · GPU 5 · RAM 8 · 저장 40 · low_spec false","gpu_tier(±1)"
"Danganronpa: Trigger Happy Havoc","권장","CPU: Intel Core i5-3470 or better | GPU: OpenGL 3.2 or DirectX 9.0c compatible GPU with at least 1GB of VRAM | RAM: 4 GB RAM | 저장: 6 GB 사용 가능 공간","CPU 4 · GPU 1 · RAM 4 · 저장 6 · low_spec true","CPU 5 · GPU 1 · RAM 4 · 저장 6 · low_spec true","cpu_tier(±1)"
"페르소나3 리로드","최소","CPU: Intel Core i5-2300, AMD FX-4350 | GPU: NVIDIA GeForce GTX 650 Ti, 2 GB; AMD Radeon HD 7850, 2 GB | RAM: 8 GB RAM | 저장: 30 GB 사용 가능 공간","CPU 3 · GPU 5 · RAM 8 · 저장 30 · low_spec false","CPU 4 · GPU 5 · RAM 8 · 저장 30 · low_spec false","cpu_tier(±1)"
"페르소나3 리로드","권장","CPU: Intel Core i7-4790, AMD Ryzen 5 1400 | GPU: NVIDIA GeForce GTX 1650, 4 GB, AMD Radeon R9 290X, 4 GB | RAM: 8 GB RAM | 저장: 30 GB 사용 가능 공간","CPU 5 · GPU 7 · RAM 8 · 저장 30 · low_spec false","CPU 4 · GPU 7 · RAM 8 · 저장 30 · low_spec false","cpu_tier(±1)"
"RimWorld","최소","CPU: Core 2 Duo | GPU: Intel HD Graphics 4000 or other shader model 4.0 | RAM: 4 GB RAM | 저장: 1 GB 사용 가능 공간","CPU 1 · GPU 1 · RAM 4 · 저장 1 · low_spec false","CPU 1 · GPU 1 · RAM 4 · 저장 1 · low_spec true","low_spec"
"The Legend of Khiimori","권장","CPU: Intel Core i7-10700K / AMD Ryzen 7 3800X | GPU: NVIDIA GeForce RTX 3060 Ti (8GB) / AMD RX 6700 XT (12GB) | RAM: 16 GB RAM | 저장: 60 GB 사용 가능 공간","CPU 7 · GPU 12 · RAM 16 · 저장 60 · low_spec false","CPU 8 · GPU 13 · RAM 16 · 저장 60 · low_spec false","cpu_tier(±1), gpu_tier(±1)"
"BIOHAZARD 7 resident evil","최소","CPU: Intel Core i5-4460, 2.70GHz or AMD FX-6300 or better | GPU: NVIDIA GeForce GTX 960 or AMD Radeon RX 460 | RAM: 8 GB RAM | 저장: 24 GB 사용 가능 공간","CPU 3 · GPU 6 · RAM 8 · 저장 24 · low_spec false","CPU 4 · GPU 6 · RAM 8 · 저장 24 · low_spec false","cpu_tier(±1)"
"세피리아","권장","CPU: Ryzen 5 1700X or better | GPU: Geforce GTX 760 or better | RAM: 8 GB RAM | 저장: 2 GB 사용 가능 공간","CPU 5 · GPU 6 · RAM 8 · 저장 2 · low_spec false","CPU 5 · GPU 7 · RAM 8 · 저장 2 · low_spec false","gpu_tier(±1)"
"Go-Go Town!","최소","CPU: Intel Core i5-2300 or AMD FX-4350 | GPU: NVIDIA GeForce GTS 450, 1 GB or AMD Radeon R7 240, 1 GB | RAM: 4 GB RAM | 저장: 1 GB 사용 가능 공간","CPU 3 · GPU 2 · RAM 4 · 저장 1 · low_spec false","CPU 4 · GPU 2 · RAM 4 · 저장 1 · low_spec false","cpu_tier(±1)"
"DARK SOULS™: REMASTERED","최소","CPU: Intel Core i5-2300 2.8 GHz / AMD FX-6300, 3.5 GHz | GPU: GeForce GTX 460, 1 GB / Radeon HD 6870, 1 GB | RAM: 6 GB RAM | 저장: 8 GB 사용 가능 공간","CPU 3 · GPU 4 · RAM 6 · 저장 8 · low_spec false","CPU 4 · GPU 4 · RAM 6 · 저장 8 · low_spec false","cpu_tier(±1)"
"Carry The Glass","최소","CPU: Intel i3-4170 @ 3.7Ghz OR Intel i5 750 @ 2.67Ghz | GPU: NVidia 650TI OR AMD R7 250x | RAM: 8 GB RAM | 저장: 650 MB 사용 가능 공간","CPU 3 · GPU 4 · RAM 8 · 저장 0.6 · low_spec false","CPU 4 · GPU 5 · RAM 8 · 저장 0.6 · low_spec false","cpu_tier(±1), gpu_tier(±1)"
"Carry The Glass","권장","CPU: Intel i5 750 @ 2.67Ghz or higher | GPU: NVidia GTX 970 OR NVidia GTX 1060 3GB OR AMD R9 290x OR AMD RX 470 | RAM: 16 GB RAM | 저장: 650 MB 사용 가능 공간","CPU 3 · GPU 8 · RAM 16 · 저장 0.6 · low_spec false","CPU 4 · GPU 8 · RAM 16 · 저장 0.6 · low_spec false","cpu_tier(±1)"
"SILENT HILL 2","최소","CPU: Intel Core i7-6700K | AMD Ryzen 5 3600 | GPU: NVIDIA GeForce GTX 1070 Ti or AMD Radeon RX 5700 or Intel Arc A750 | RAM: 16 GB RAM | 저장: 50 GB 사용 가능 공간","CPU 6 · GPU 11 · RAM 16 · 저장 50 · low_spec false","CPU 6 · GPU 10 · RAM 16 · 저장 50 · low_spec false","gpu_tier(±1)"
"페르시아의 왕자: 잃어버린 왕관","권장","CPU: Intel Core i7-6700 3.4 GHz, AMD Ryzen5 1600 3.2 GHz | GPU: NVIDIA GeForce GTX 960 (4GB VRAM) or AMD Radeon RX 5500 XT (4GB VRAM) | RAM: 8 GB RAM | 저장: 30 GB 사용 가능 공간","CPU 5 · GPU 6 · RAM 8 · 저장 30 · low_spec false","CPU 6 · GPU 6 · RAM 8 · 저장 30 · low_spec false","cpu_tier(±1)"
"Tick Tock: A Tale for Two","최소","CPU: Intel i5 Quad-Core | GPU: Intel HD 4000 | RAM: 4 GB RAM | 저장: 2 GB 사용 가능 공간","CPU 4 · GPU 1 · RAM 4 · 저장 2 · low_spec false","CPU 3 · GPU 1 · RAM 4 · 저장 2 · low_spec false","cpu_tier(±1)"
"Warhammer 40,000: Dawn of War - Definitive Edition","최소","CPU: Intel i5 6세대 또는 AMD Ryzen 데스크톱 프로세서, 3GHz 4코어 이상 | GPU: NVIDIA GeForce GTX 950, AMD Radeon R9 370 이상 | RAM: 8 GB RAM | 저장: 25 GB 사용 가능 공간","CPU 5 · GPU 6 · RAM 8 · 저장 25 · low_spec false","CPU 6 · GPU 6 · RAM 8 · 저장 25 · low_spec false","cpu_tier(±1)"
"Diablo II: Resurrected","권장","CPU: Intel Core i5-9600K 또는 AMD Ryzen 5 2600 | GPU: Nvidia GeForce GTX 1060 또는 AMD Radeon RX 5500 XT | RAM: 16 GB | 저장: 30 GB","CPU 6 · GPU 8 · RAM 16 · 저장 30 · low_spec false","CPU 5 · GPU 9 · RAM 16 · 저장 30 · low_spec false","cpu_tier(±1), gpu_tier(±1)"
"PUBG: BATTLEGROUNDS","최소","CPU: Intel Core i5-4430 / AMD FX-6300 | GPU: NVIDIA GeForce GTX 960 2GB / AMD Radeon R7 370 2GB | RAM: 8 GB RAM | 저장: 40 GB 사용 가능 공간","CPU 3 · GPU 6 · RAM 8 · 저장 40 · low_spec false","CPU 4 · GPU 6 · RAM 8 · 저장 40 · low_spec false","cpu_tier(±1)"
"PUBG: BATTLEGROUNDS","권장","CPU: Intel Core i5-6600K / AMD Ryzen 5 1600 | GPU: NVIDIA GeForce GTX 1060 3GB / AMD Radeon RX 580 4GB | RAM: 16 GB RAM | 저장: 50 GB 사용 가능 공간","CPU 5 · GPU 9 · RAM 16 · 저장 50 · low_spec false","CPU 6 · GPU 9 · RAM 16 · 저장 50 · low_spec false","cpu_tier(±1)"
"Jagged Alliance 3","최소","CPU: Intel Quad Core or AMD Ryzen with 3 GHz | GPU: DirectX12 compatible card with 2GB of VRAM, NVIDIA Geforce GTX 950 or AMD Radeon R7 370 with 2GB of VRAM | RAM: 8 GB RAM | 저장: 20 GB 사용 가능 공간","CPU 1 · GPU 6 · RAM 8 · 저장 20 · low_spec true","CPU 2 · GPU 6 · RAM 8 · 저장 20 · low_spec true","cpu_tier(±1)"
"바둑","최소","CPU: Intel PentiumDual-Core CPU E5200 2.50GHZ or equivalent | GPU: NVIDIA GeForce GTS 450 or AMD Radeon HD 6750 | RAM: 4 GB RAM | 저장: 4 GB 사용 가능 공간","CPU 1 · GPU 3 · RAM 4 · 저장 4 · low_spec false","CPU 2 · GPU 2 · RAM 4 · 저장 4 · low_spec false","cpu_tier(±1), gpu_tier(±1)"
"바둑","권장","CPU: Intel Core i5 2.80 GHz or equivalent | GPU: NVIDIA Gerforce GTX 780 or 970 | RAM: 8 GB RAM | 저장: 8 GB 사용 가능 공간","CPU 4 · GPU 8 · RAM 8 · 저장 8 · low_spec false","CPU 3 · GPU 8 · RAM 8 · 저장 8 · low_spec false","cpu_tier(±1)"
"Fatekeeper","최소","CPU: Intel Core i7-10700K | Amd Ryzen 5 3600X | GPU: NVIDIA GeForceRTX 3070, or AMD Radeon RX6800 -XT with 8GB of VRAM | RAM: 16 GB RAM | 저장: 45 GB 사용 가능 공간","CPU 7 · GPU 14 · RAM 16 · 저장 45 · low_spec false","CPU 8 · GPU 14 · RAM 16 · 저장 45 · low_spec false","cpu_tier(±1)"
"Fatekeeper","권장","CPU: Intel Core i7-10700K | Amd Ryzen 5 3600X | GPU: NVIDIA GeForceRTX 3070, or AMD Radeon RX6800 -XT with 8GB of VRAM | RAM: 32 GB RAM | 저장: 45 GB 사용 가능 공간","CPU 7 · GPU 14 · RAM 32 · 저장 45 · low_spec false","CPU 8 · GPU 14 · RAM 32 · 저장 45 · low_spec false","cpu_tier(±1)"
"Age of Wonders 4","권장","CPU: Intel Core i7-9700K or AMD Ryzen 5 5600X | GPU: Nvidia GeForce GTX 1070 Ti (8GB) or AMD Radeon RX 5700 XT (8GB) | RAM: 16 GB RAM | 저장: &gt;35 GB 사용 가능 공간","CPU 7 · GPU 11 · RAM 16 · 저장 35 · low_spec false","CPU 7 · GPU 10 · RAM 16 · 저장 35 · low_spec false","gpu_tier(±1)"
"Demonologist","권장","CPU: Intel i7 or AMD equivalent (AMD FX 9500+ Series) | GPU: NVIDIA GTX 1660S | RAM: 16 GB RAM | 저장: 20 GB 사용 가능 공간","CPU 4 · GPU 10 · RAM 16 · 저장 20 · low_spec false","CPU 5 · GPU 9 · RAM 16 · 저장 20 · low_spec false","cpu_tier(±1), gpu_tier(±1)"
"Half Sword","최소","CPU: Intel Core i7-6700HQ, Ryzen 5 3500U | GPU: NVIDIA GeForce GTX 1060 (6GB), AMD Radeon RX 580 | RAM: 8 GB RAM | 저장: 15 GB 사용 가능 공간","CPU 6 · GPU 9 · RAM 8 · 저장 15 · low_spec false","CPU 6 · GPU 8 · RAM 8 · 저장 15 · low_spec false","gpu_tier(±1)"
"ASTRONEER","최소","CPU: X64 듀얼 코어 CPU, 2+ GHz | GPU: 1 GB VRAM 비디오 카드 | RAM: 4 GB RAM | 저장: 2 GB 사용 가능 공간","CPU 1 · GPU 1 · RAM 4 · 저장 2 · low_spec true","CPU 2 · GPU 1 · RAM 4 · 저장 2 · low_spec true","cpu_tier(±1)"
"ASTRONEER","권장","CPU: X64 쿼드 코어 CPU, 3+ GHz | GPU: 2 GB VRAM 비디오 카드 | RAM: 8 GB RAM | 저장: 4 GB 사용 가능 공간","CPU 1 · GPU 1 · RAM 8 · 저장 4 · low_spec true","CPU 2 · GPU 1 · RAM 8 · 저장 4 · low_spec true","cpu_tier(±1)"
"스텔라 블레이드™","권장","CPU: Intel Core i5-8400 Processor / AMD Ryzen 5 3600X Processor | GPU: NVIDIA GeForce RTX 2060 SUPER or AMD Radeon RX 5700 XT | RAM: 16 GB RAM | 저장: 75 GB 사용 가능 공간","CPU 6 · GPU 11 · RAM 16 · 저장 75 · low_spec false","CPU 6 · GPU 10 · RAM 16 · 저장 75 · low_spec false","gpu_tier(±1)"
"마블 스파이더맨 2","최소","CPU: Intel Core i3-8100 or AMD Ryzen 3 3100 | GPU: NVIDIA GeForce GTX 1650 or AMD Radeon RX 5500 XT | RAM: 16 GB RAM | 저장: 140 GB 사용 가능 공간","CPU 5 · GPU 7 · RAM 16 · 저장 140 · low_spec false","CPU 5 · GPU 8 · RAM 16 · 저장 140 · low_spec false","gpu_tier(±1)"
"Unrailed!","최소","CPU: 2 GHz Dual Core | GPU: Intel HD Graphics 520 | RAM: 4 GB RAM | 저장: 2 GB 사용 가능 공간","CPU 1 · GPU 2 · RAM 4 · 저장 2 · low_spec true","CPU 2 · GPU 2 · RAM 4 · 저장 2 · low_spec true","cpu_tier(±1)"
"Farming Simulator 25","최소","CPU: Intel Core i5-6400, AMD Ryzen 5 1400, or better | GPU: Nvidia GeForce GTX 1050Ti, AMD Radeon RX 470 graphics card or better (min 3GB VRAM, DX12 support) | RAM: 8 GB RAM | 저장: 50 GB 사용 가능 공간","CPU 5 · GPU 6 · RAM 8 · 저장 50 · low_spec false","CPU 6 · GPU 6 · RAM 8 · 저장 50 · low_spec false","cpu_tier(±1)"
"Farming Simulator 25","권장","CPU: Intel Core i7-10700, AMD Ryzen 7 3800X, or better | GPU: Nvidia GeForce RTX 2070, AMD Radeon RX 5700 XT, Intel Arc A750 graphics card or better (min 8GB VRAM, DX12 support) | RAM: 12 GB RAM | 저장: 50 GB 사용 가능 공간","CPU 7 · GPU 11 · RAM 12 · 저장 50 · low_spec false","CPU 7 · GPU 10 · RAM 12 · 저장 50 · low_spec false","gpu_tier(±1)"
"Used Cars Simulator","최소","CPU: i3-4130 @ 3.3GHz / AMD FX-8350 | GPU: GTX1050ti / R9 280 | RAM: 8 GB RAM | 저장: 20 GB 사용 가능 공간","CPU 3 · GPU 6 · RAM 8 · 저장 20 · low_spec false","CPU 4 · GPU 6 · RAM 8 · 저장 20 · low_spec false","cpu_tier(±1)"
"호라이즌 포비든 웨스트 컴플리트 에디션","최소","CPU: Intel Core i3-8100 or AMD Ryzen 3 1300X | GPU: NVIDIA GeForce GTX 1650 4GB or AMD Radeon RX 5500XT 4GB | RAM: 16 GB RAM | 저장: 150 GB 사용 가능 공간","CPU 4 · GPU 7 · RAM 16 · 저장 150 · low_spec false","CPU 5 · GPU 7 · RAM 16 · 저장 150 · low_spec false","cpu_tier(±1)"
"Outlast 2","최소","CPU: Intel Core i3-530 | GPU: 1GB VRAM, NVIDIA Geforce GTX 260 / ATI Radeon HD 4870 | RAM: 4 GB RAM | 저장: 30 GB 사용 가능 공간","CPU 2 · GPU 3 · RAM 4 · 저장 30 · low_spec false","CPU 3 · GPU 3 · RAM 4 · 저장 30 · low_spec false","cpu_tier(±1)"
"Outlast 2","권장","CPU: Intel Core i5 | GPU: 1.5GB VRAM, NVIDIA Geforce GTX 660 / ATI Radeon HD 7850 | RAM: 8 GB RAM | 저장: 30 GB 사용 가능 공간","CPU 4 · GPU 5 · RAM 8 · 저장 30 · low_spec false","CPU 4 · GPU 6 · RAM 8 · 저장 30 · low_spec false","gpu_tier(±1)"
"METAL GEAR SOLID V: THE PHANTOM PAIN","권장","CPU: Intel Core i7-4790 (3.60GHz) or better; Quad-core or better | GPU: NVIDIA GeForce GTX 760 (DirectX 11 graphic card required) | RAM: 8 GB RAM | 저장: 28 GB 사용 가능 공간","CPU 5 · GPU 6 · RAM 8 · 저장 28 · low_spec false","CPU 4 · GPU 6 · RAM 8 · 저장 28 · low_spec false","cpu_tier(±1)"
"Super Fantasy Kingdom 슈퍼 판타지 킹덤","권장","CPU: Intel Core i3-530 (dual-core) / AMD Athlon II X2 270 (dual-core) | GPU: NVIDIA GeForce 9500 GT (512 MB) / AMD Radeon HD 6670 (1 GB) | RAM: 4 GB RAM | 저장: 1 GB 사용 가능 공간","CPU 2 · GPU 1 · RAM 4 · 저장 1 · low_spec false","CPU 2 · GPU 2 · RAM 4 · 저장 1 · low_spec false","gpu_tier(±1)"
"STAR OCEAN THE SECOND STORY R","권장","CPU: AMD Ryzen 3 1200 / Intel Core i5-3330 | GPU: AMD Radeon RX 470 / Intel Arc A750 / NVIDIA GeForce GTX 1650 | RAM: 8 GB RAM | 저장: 20 GB 사용 가능 공간","CPU 4 · GPU 7 · RAM 8 · 저장 20 · low_spec false","CPU 4 · GPU 8 · RAM 8 · 저장 20 · low_spec false","gpu_tier(±1)"
"Castlevania Anniversary Collection","최소","CPU: Intel Core i3-4160 | GPU: Intel HD Graphics 4400 (VRAM 128MB) | RAM: 4 GB RAM | 저장: 800 MB 사용 가능 공간","CPU 3 · GPU 2 · RAM 4 · 저장 0.8 · low_spec false","CPU 4 · GPU 2 · RAM 4 · 저장 0.8 · low_spec false","cpu_tier(±1)"
"三国群英传7","최소","CPU: PentiumIV 1.6GHZ或更高 | GPU: nVidia GeForce4（64M或更高） | RAM: 512 MB RAM | 저장: 3 GB 사용 가능 공간","CPU 1 · GPU 1 · RAM 0.5 · 저장 3 · low_spec false","CPU 1 · GPU 1 · RAM 0.5 · 저장 3 · low_spec true","low_spec"
"The Artisan of Glimmith","권장","CPU: Intel Core i3-9300, AMD Ryzen 3 3300X | GPU: NVidia GTX 1660 or AMD Radeon RX 5500 | RAM: 4 GB RAM | 저장: 2 GB 사용 가능 공간","CPU 5 · GPU 8 · RAM 4 · 저장 2 · low_spec false","CPU 5 · GPU 9 · RAM 4 · 저장 2 · low_spec false","gpu_tier(±1)"
"Librarian: Tidy Up the Arcane Library!","최소","CPU: Intel Core i7-4790k / AMD Ryzen 5 1500X | GPU: NVIDIA GeForce GTX 980 Ti 6GB / AMD Radeon RX 6500XT | RAM: 8 GB RAM | 저장: 2 GB 사용 가능 공간","CPU 5 · GPU 8 · RAM 8 · 저장 2 · low_spec false","CPU 4 · GPU 9 · RAM 8 · 저장 2 · low_spec false","cpu_tier(±1), gpu_tier(±1)"
"Librarian: Tidy Up the Arcane Library!","권장","CPU: Intel Core i7-8700 / AMD Ryzen 5 3600 | GPU: NVIDIA GeForce GTX 1080 / AMD Radeon RX 5700 XT | RAM: 16 GB RAM | 저장: 2 GB 사용 가능 공간","CPU 6 · GPU 11 · RAM 16 · 저장 2 · low_spec false","CPU 7 · GPU 11 · RAM 16 · 저장 2 · low_spec false","cpu_tier(±1)"
"Apex 레전드™","최소","CPU: AMD FX 4350 or Equivalent, Intel Core i3 6300 or Equivalent | GPU: AMD Radeon HD 7790 (2 GB), NVIDIA GeForce GTX 950 | RAM: 6 GB RAM | 저장: 75 GB 사용 가능 공간","CPU 3 · GPU 5 · RAM 6 · 저장 75 · low_spec false","CPU 3 · GPU 6 · RAM 6 · 저장 75 · low_spec false","gpu_tier(±1)"
"BeamNG.drive","최소","CPU: AMD Ryzen 5 1600 / Intel Core i5 8400 | GPU: Minimum 6GB VRAM (AMD Radeon RX 570 / Nvidia GeForce GTX 1060) | RAM: 16 GB RAM | 저장: 60 GB 사용 가능 공간","CPU 5 · GPU 8 · RAM 16 · 저장 60 · low_spec false","CPU 5 · GPU 9 · RAM 16 · 저장 60 · low_spec false","gpu_tier(±1)"
"보더랜드 3","최소","CPU: AMD FX-8350 or Intel i5-3570 | GPU: AMD Radeon HD 7970 or NVIDIA GeForce GTX 680 2 GB | RAM: 6 GB RAM | 저장: 75 GB 사용 가능 공간","CPU 4 · GPU 7 · RAM 6 · 저장 75 · low_spec false","CPU 3 · GPU 7 · RAM 6 · 저장 75 · low_spec false","cpu_tier(±1)"
"보더랜드 3","권장","CPU: AMD Ryzen 5 2600 (Intel i7-4770) | GPU: AMD Radeon RX 590 or NVIDIA GeForce GTX 1060 6GB | RAM: 16 GB RAM | 저장: 75 GB 사용 가능 공간","CPU 5 · GPU 9 · RAM 16 · 저장 75 · low_spec false","CPU 6 · GPU 9 · RAM 16 · 저장 75 · low_spec false","cpu_tier(±1)"
"It Takes Two","최소","CPU: Intel Core i3-2100T or AMD FX 6100 | GPU: Nvidia GeForce GTX 660 or AMD R7 260x | RAM: 8 GB RAM | 저장: 50 GB 사용 가능 공간","CPU 3 · GPU 5 · RAM 8 · 저장 50 · low_spec false","CPU 3 · GPU 6 · RAM 8 · 저장 50 · low_spec false","gpu_tier(±1)"
"It Takes Two","권장","CPU: Intel Core i5 3570K or AMD Ryzen 3 1300x | GPU: Nvidia GeForce GTX 980 or AMD R9 290X | RAM: 16 GB RAM | 저장: 50 GB 사용 가능 공간","CPU 4 · GPU 8 · RAM 16 · 저장 50 · low_spec false","CPU 5 · GPU 8 · RAM 16 · 저장 50 · low_spec false","cpu_tier(±1)"
"Cell to Singularity - Evolution Never Ends","최소","CPU: 1 gigahertz (GHz) or faster | GPU: Low budget 3D graphics card | RAM: 1 GB RAM | 저장: 150 MB 사용 가능 공간","CPU 1 · GPU 1 · RAM 1 · 저장 0.1 · low_spec true","CPU 1 · GPU 1 · RAM 1 · 저장 0.2 · low_spec true","storage_gb"
